Token,Length,Frequency
的,1,149
人,1,103
和,1,80
有,1,70
权,1,68
国,1,41
由,1,35
利,1,34
条,1,33
自,1,32
任,1,31
不,1,31
或,1,30
受,1,30
第,1,30
在,1,28
何,1,27
会,1,25
他,1,24
一,1,23
以,1,23
享,1,23
得,1,21
并,1,21
十,1,21
为,1,20
家,1,19
教,1,18
所,1,18
行,1,18
本,1,18
社,1,17
应,1,17
对,1,17
于,1,16
平,1,15
合,1,15
其,1,15
保,1,14
法,1,14
生,1,14
言,1,13
二,1,13
㈡,1,13
这,1,13
种,1,13
等,1,13
㈠,1,13
而,1,12
各,1,12
宣,1,12
个,1,12
进,1,12
作,1,11
护,1,11
育,1,10
要,1,9
律,1,9
意,1,9
发,1,8
同,1,8
使,1,8
基,1,8
公,1,8
性,1,8
时,1,8
宗,1,8
分,1,8
通,1,8
尊,1,8
加,1,8
及,1,7
鉴,1,7
领,1,7
活,1,7
土,1,7
重,1,7
治,1,7
现,1,7
正,1,7
民,1,7
实,1,7
联,1,7
定,1,7
制,1,7
普,1,7
婚,1,7
刑,1,7
政,1,7
罪,1,6
成,1,6
过,1,6
工,1,6
视,1,6
义,1,6
遍,1,6
展,1,6
庭,1,6
促,1,6
中,1,6
无,1,6
此,1,6
下,1,6
免,1,6
情,1,5
力,1,5
方,1,5
产,1,5
属,1,5
被,1,5
开,1,5
主,1,5
界,1,5
格,1,5
籍,1,5
限,1,5
必,1,5
予,1,5
是,1,5
能,1,5
序,1,5
已,1,5
包,1,5
解,1,5
认,1,5
员,1,5
括,1,5
选,1,5
信,1,5
地,1,5
论,1,5
际,1,5
㈢,1,5
大,1,5
文,1,5
业,1,5
切,1,5
事,1,4
些,1,4
隶,1,4
立,1,4
身,1,4
经,1,4
心,1,4
布,1,4
当,1,4
女,1,4
证,1,4
务,1,4
间,1,4
严,1,4
学,1,4
世,1,4
别,1,4
期,1,4
迫,1,4
适,1,4
者,1,4
三,1,4
全,1,4
需,1,4
依,1,4
歧,1,4
表,1,4
类,1,4
奴,1,4
集,1,4
充,1,4
承,1,4
害,1,4
障,1,4
况,1,4
求,1,4
独,1,4
之,1,4
参,1,4
确,1,3
族,1,3
愿,1,3
四,1,3
失,1,3
出,1,3
票,1,3
秩,1,3
七,1,3
级,1,3
投,1,3
福,1,3
载,1,3
男,1,3
术,1,3
机,1,3
项,1,3
六,1,3
单,1,3
动,1,3
构,1,3
均,1,3
违,1,3
判,1,3
努,1,3
控,1,3
团,1,3
九,1,3
因,1,3
良,1,3
到,1,3
传,1,3
每,1,3
理,1,3
维,1,3
择,1,3
财,1,3
改,1,3
们,1,3
五,1,3
干,1,3
住,1,3
涉,1,3
非,1,3
八,1,3
旨,1,3
只,1,3
暴,1,3
前,1,3
仰,1,3
了,1,3
照,1,2
相,1,2
结,1,2
给,1,2
神,1,2
寻,1,2
友,1,2
赋,1,2
息,1,2
初,1,2
母,1,2
施,1,2
关,1,2
誉,1,2
思,1,2
物,1,2
示,1,2
放,1,2
名,1,2
与,1,2
举,1,2
休,1,2
完,1,2
禁,1,2
念,1,2
想,1,2
织,1,2
目,1,2
位,1,2
资,1,2
残,1,2
真,1,2
形,1,2
见,1,2
儿,1,2
系,1,2
击,1,2
原,1,2
接,1,2
步,1,2
区,1,2
职,1,2
犯,1,2
持,1,2
待,1,2
组,1,2
用,1,2
颁,1,2
罚,1,2
忍,1,2
酬,1,2
侮,1,2
童,1,2
据,1,2
志,1,2
管,1,2
都,1,2
年,1,2
夺,1,2
且,1,2
剥,1,2
高,1,2
宪,1,2
精,1,2
水,1,2
誓,1,2
上,1,2
准,1,2
面,1,2
件,1,2
获,1,2
益,1,2
效,1,2
反,1,2
如,1,2
质,1,2
张,1,2
道,1,2
变,1,2
体,1,2
攻,1,2
背,1,2
化,1,2
侵,1,2
共,1,2
遭,1,2
科,1,2
才,1,2
审,1,2
内,1,2
则,1,2
具,1,2
遵,1,2
式,1,2
常,1,1
元,1,1
离,1,1
一九四八年,5,1
疾,1,1
压,1,1
可,1,1
兄,1,1
谋,1,1
很,1,1
色,1,1
食,1,1
值,1,1
役;,2,1
设,1,1
康,1,1
闲,1,1
播,1,1
绩,1,1
徙,1,1
走,1,1
倚,1,1
创,1,1
暇,1,1
记,1,1
源,1,1
拘,1,1
铤,1,1
指,1,1
唯,1,1
捕,1,1
础;,2,1
守,1,1
辖,1,1
月,1,1
服,1,1
谊,1,1
天,1,1
德,1,1
协,1,1
容,1,1
处,1,1
述,1,1
济,1,1
旁,1,1
偏,1,1
少,1,1
决议,2,1
符,1,1
该,1,1
未,1,1
府,1,1
十二月,3,1
世界,2,1
辱,1,1
十日,2,1
决,1,1
除,1,1
践,1,1
提,1,1
行;,2,1
史,1,1
后,1,1
逐,1,1
匮,1,1
托,1,1
阅,1,1
技,1,1
阐,1,1
根,1,1
疗,1,1
大会,2,1
讯,1,1
语,1,1
缔,1,1
着,1,1
玷,1,1
医,1,1
较,1,1
负,1,1
起,1,1
叛,1,1
居,1,1
报,1,1
污,1,1
程,1,1
好,1,1
老,1,1
望,1,1
双,1,1
日,1,1
先,1,1
避,1,1
父,1,1
历,1,1
直,1,1
病,1,1
递,1,1
措,1,1
密,1,1
颁布,2,1
薪,1,1
章,1,1
肤,1,1
规,1,1
然,1,1
嫁,1,1
酷,1,1
假,1,1
阶,1,1
荣,1,1
移,1,1
II,2,1
联合国,3,1
亦,1,1
许,1,1
子,1,1
安,1,1
戒,1,1
临,1,1
告,1,1
遇,1,1
煽,1,1
姻,1,1
诉,1,1
强,1,1
买,1,1
丧,1,1
样,1,1
美,1,1
通过,2,1
否,1,1
最,1,1
乏,1,1
破,1,1
私,1,1
险,1,1
卖,1,1
校,1,1
迁,1,1
礼,1,1
人权,2,1
返,1,1
善,1,1
野,1,1
房,1,1
铭,1,1
品,1,1
来,1,1
利;,2,1
艺,1,1
乃,1,1
介,1,1
特,1,1
约,1,1
宅,1,1
申,1,1
㈣,1,1
固,1,1
读,1,1
惧,1,1
弟,1,1
价,1,1
回,1,1
助,1,1
衣,1,1
逮,1,1
务;,2,1
第217,4,1
庇,1,1
度,1,1
凡,1,1
础,1,1
蛮,1,1
援,1,1
释,1,1
默,1,1
标,1,1
废,1,1
辩,1,1
补,1,1
广,1,1
某,1,1
止,1,1
坏,1,1
A(,2,1
诲,1,1
消,1,1
救,1,1
命,1,1
优,1,1
衰,1,1
段,1,1
顾,1,1
蔑,1,1
至,1,1
健,1,1
境,1,1
渐,1,1
宣言,2,1
费,1,1
I)号,3,1
致,1,1
恐,1,1
媒,1,1
秘,1,1
亲,1,1
拜,1,1
辅,1,1
代,1,1
寡,1,1
